OBJECTID,GEOID,NAMELSAD,POP_2018,OID_,GEO_ID,NAME,Households,SNAP_Pct,GEOID_TXT,OID1,Percent,ZIP,Utility,,UNIQUE ZIPS
3051,36071015003,Census Tract 150.03,6135,165,1400000US36071015003,"Census Tract 150.03, Orange County, New York",1075,0.52,36071015003,215,0.6224,10950,ORU,,10950
3052,36071015004,Census Tract 150.04,6864,211,1400000US36071015004,"Census Tract 150.04, Orange County, New York",1280,0.49609375,36071015004,216,0.56,10950,ORU,,10977
3053,36071015005,Census Tract 150.05,4503,273,1400000US36071015005,"Census Tract 150.05, Orange County, New York",903,0.464008859,36071015005,217,0.6305,10950,ORU,,10952
3054,36071015006,Census Tract 150.06,6680,174,1400000US36071015006,"Census Tract 150.06, Orange County, New York",1025,0.516097561,36071015006,218,0.6536,10950,ORU,,
3986,36087011505,Census Tract 115.05,3120,16,1400000US36087011505,"Census Tract 115.05, Rockland County, New York",649,0.690292758,36087011505,228,0.6619,10977,ORU,,
3987,36087011506,Census Tract 115.06,5513,20,1400000US36087011506,"Census Tract 115.06, Rockland County, New York",956,0.677824268,36087011506,229,0.7823,10977,ORU,,
3997,36087012102,Census Tract 121.02,9533,101,1400000US36087012102,"Census Tract 121.02, Rockland County, New York",1695,0.571681416,36087012102,230,0.7196,10952,ORU,,
3999,36087012105,Census Tract 121.05,6134,190,1400000US36087012105,"Census Tract 121.05, Rockland County, New York",1123,0.50667854,36087012105,231,0.5696,10952,ORU,,